City_ID,City,Lat,Lng,Max Temp,Humidity,Cloudiness,Wind Speed,Country,Date
0,hermanus,-34.4187,19.2345,10.45,78,9,2.14,ZA,1683518225
1,albany,42.6001,-73.9662,14.24,80,100,1.84,US,1683517991
2,adamstown,-25.066,-130.1015,21.81,57,100,9.86,PN,1683518212
3,grytviken,-54.2811,-36.5092,2.03,97,96,4.64,GS,1683518226
4,port alfred,-33.5906,26.891,18.44,73,96,5.08,ZA,1683518227
5,blackmans bay,-43.0167,147.3167,14.07,79,98,5.37,AU,1683518227
6,koryazhma,61.3143,47.1691,-0.09,88,75,3.03,RU,1683518228
7,waitangi,-43.9535,-176.5597,14.9,89,100,2.68,NZ,1683518228
8,alice springs,-23.7,133.8833,15.75,20,21,7.72,AU,1683518229
9,pacific grove,36.6177,-121.9166,12.91,82,0,3.09,US,1683518014
10,edinburgh of the seven seas,-37.0676,-12.3116,14.32,64,53,2.34,SH,1683518229
11,wailua homesteads,22.0669,-159.378,26.24,70,75,7.72,US,1683518230
12,anadyr,64.75,177.4833,0.28,74,0,6.0,RU,1683517944
13,iqaluit,63.7506,-68.5145,-7.15,86,20,4.12,CA,1683518231
14,barcelos,41.5388,-8.6151,15.47,75,96,1.17,PT,1683518231
15,mumford,5.2618,-0.759,27.12,77,100,2.16,GH,1683518232
16,bredasdorp,-34.5322,20.0403,11.9,91,16,1.74,ZA,1683518232
17,talnakh,69.4865,88.3972,-6.55,73,90,2.62,RU,1683518233
18,lorengau,-2.0226,147.2712,29.46,73,46,2.99,PG,1683518233
19,port elizabeth,-33.918,25.5701,18.16,86,75,3.6,ZA,1683518234
20,susuman,62.7833,148.1667,5.43,57,44,3.02,RU,1683518234
21,kolonia,50.9333,6.95,14.98,89,100,2.06,DE,1683518235
22,tomohon,1.3346,124.8392,26.52,66,100,2.38,ID,1683518235
23,hamilton,39.1834,-84.5333,17.83,91,0,2.06,US,1683517508
24,taulaga,-11.0553,-171.0883,28.72,75,83,5.12,AS,1683518236
25,qaqortoq,60.7167,-46.0333,0.79,84,100,0.93,GL,1683518236
26,port-aux-francais,-49.35,70.2167,4.22,63,99,7.43,TF,1683518237
27,ilebo,-4.3167,20.5833,21.69,98,100,0.52,CD,1683518237
28,laramie,41.3114,-105.5911,8.38,49,100,8.23,US,1683518238
29,ta`u,-14.2336,-169.5144,27.83,75,31,5.39,AS,1683518238
30,codrington,-38.2667,141.9667,13.89,74,87,7.98,AU,1683518239
31,georgetown,5.4112,100.3354,31.97,70,20,3.09,MY,1683518184
32,gadzhiyevo,69.2551,33.3362,1.08,90,99,7.67,RU,1683518239
33,tarawa,1.419,172.984,31.05,74,40,3.09,KI,1683518240
34,puerto natales,-51.7236,-72.4875,4.55,87,74,1.32,CL,1683518240
35,polyarnyy,69.1989,33.4478,1.38,89,100,7.48,RU,1683518241
36,ulysses,37.5814,-101.3552,18.16,51,0,8.75,US,1683518241
37,ushuaia,-54.8,-68.3,10.81,54,40,4.12,AR,1683517994
38,ribeira grande,38.5167,-28.7,17.1,97,100,4.92,PT,1683518242
39,trapani,37.8333,12.6667,17.93,77,40,2.57,IT,1683518243
40,kingston,17.997,-76.7936,26.53,87,20,1.54,JM,1683518054
41,nagasaki,32.7447,129.8736,19.91,49,75,7.2,JP,1683517969
42,alaghsas,17.0187,8.0168,26.25,10,100,4.06,NE,1683518244
43,enewetak,11.3474,162.3373,27.49,78,100,6.92,MH,1683518245
44,gorom-gorom,14.4439,-0.2361,31.35,36,82,5.15,BF,1683518245
45,ilulissat,69.2167,-51.1,-5.75,99,90,1.5,GL,1683518246
46,sibut,5.718,19.0739,21.23,86,70,0.34,CF,1683518246
47,terra santa,-2.1042,-56.4869,23.74,95,77,0.76,BR,1683518246
48,isafjordur,66.0755,-23.124,6.34,93,99,2.12,IS,1683518248
49,port lincoln,-34.7333,135.8667,14.56,64,100,4.63,AU,1683518248
50,roleystone,-32.1167,116.0667,22.05,43,100,6.17,AU,1683518249
51,cedral,23.8,-100.7333,17.93,67,100,2.8,MX,1683518249
52,college,64.8569,-147.8028,11.99,43,100,2.57,US,1683518250
53,petropavlovsk-kamchatsky,53.0452,158.6483,7.33,53,75,7.0,RU,1683518250
54,mabaruma,8.2,-59.7833,24.29,90,52,1.45,GY,1683518251
55,union hidalgo,16.4723,-94.8295,29.49,76,1,1.97,MX,1683518251
56,margaret river,-33.95,115.0667,21.01,41,100,7.17,AU,1683518252
57,port mathurin,-19.6833,63.4167,25.9,70,43,11.26,MU,1683518252
58,chonchi,-42.6128,-73.8092,6.73,96,29,0.84,CL,1683518253
59,punta arenas,-53.15,-70.9167,8.06,71,0,8.23,CL,1683518253
60,bethel,41.3712,-73.414,15.92,85,96,0.45,US,1683518253
61,amahai,-3.3333,128.9167,29.81,73,63,2.69,ID,1683518254
62,lebu,-37.6167,-73.65,9.04,81,12,3.86,CL,1683518254
63,afaahiti,-17.75,-149.2833,26.93,79,100,3.24,PF,1683518255
64,holualoa,19.6228,-155.9522,25.91,74,75,6.17,US,1683518255
65,fale old settlement,-9.3852,-171.2468,29.04,76,54,4.37,TK,1683518255
66,mbanza-ngungu,-5.25,14.8667,20.6,95,100,0.77,CD,1683518256
67,puerto baquerizo moreno,-0.9,-89.6,26.29,88,88,4.65,EC,1683518257
68,yellowknife,62.456,-114.3525,16.29,33,20,4.63,CA,1683518257
69,whitehorse,60.7161,-135.0538,12.43,33,20,4.63,CA,1683518258
70,ilhabela,-23.7781,-45.3581,22.77,92,74,2.58,BR,1683518258
71,luderitz,-26.6481,15.1594,13.73,59,5,6.03,NA,1683518259
72,la sarre,48.8002,-79.1996,3.48,51,5,4.37,CA,1683518259
73,namtsy,62.7161,129.6658,-1.5,51,36,6.71,RU,1683518260
74,maysville,38.6412,-83.7444,18.0,94,0,2.57,US,1683518260
75,yelovo,57.0538,54.9207,2.37,55,7,5.33,RU,1683518260
76,ketchikan,55.3422,-131.6461,11.26,66,75,5.66,US,1683518261
77,puerto ayora,-0.7393,-90.3518,26.42,96,65,3.13,EC,1683518261
78,sault ste. marie,46.5168,-84.3333,12.16,86,0,2.57,CA,1683518262
79,kampong thom,12.7111,104.8887,37.25,39,100,2.65,KH,1683518262
80,howrah,22.5892,88.3103,34.0,62,0,3.6,IN,1683518263
81,olonkinbyen,70.9221,-8.7187,1.37,100,100,3.89,SJ,1683518263
82,ibiza,38.9088,1.433,18.78,83,0,2.57,ES,1683518177
83,dapa,9.7594,126.0531,29.52,66,77,0.7,PH,1683518264
84,prado,-17.3411,-39.2208,22.57,91,8,2.76,BR,1683518261
85,hilo,19.7297,-155.09,24.85,80,20,3.09,US,1683518265
86,kiunga,-6.1219,141.2906,29.18,79,99,1.2,PG,1683518265
87,papatowai,-46.5619,169.4708,13.12,81,100,2.09,NZ,1683518265
88,tondano,1.3038,124.9112,27.05,63,100,1.93,ID,1683518266
89,san luis de la loma,17.2706,-100.8939,28.04,70,24,2.43,MX,1683518266
90,magadan,59.5667,150.8,5.85,81,25,3.22,RU,1683518267
91,yanaul,56.2719,54.9309,3.12,56,8,4.53,RU,1683518267
92,hawaiian paradise park,19.5933,-154.9731,24.73,88,20,3.09,US,1683518268
93,ust-nera,64.5667,143.2,4.31,75,100,3.4,RU,1683518268
94,mananara,-16.1667,49.7667,21.76,94,40,2.3,MG,1683518268
95,milton-freewater,45.9326,-118.3877,12.08,74,92,3.76,US,1683518269
96,kodoli,16.8833,74.2,29.14,55,68,2.48,IN,1683518269
97,mount isa,-20.7333,139.5,21.87,21,4,6.69,AU,1683518270
98,weno,7.4515,151.8468,31.97,70,75,3.6,FM,1683518270
99,brandon,27.9378,-82.2859,23.97,69,0,3.6,US,1683518270
100,peace river,56.2501,-117.286,9.17,100,100,2.57,CA,1683518271
101,akobo,7.4344,3.9497,22.32,98,28,1.07,NG,1683518271
102,palikir - national government center,6.9248,158.1611,28.41,84,100,1.54,FM,1683518272
103,aykhal,66.0,111.5,-5.36,72,55,4.91,RU,1683518272
104,aasiaat,68.7098,-52.8699,-2.79,83,94,4.18,GL,1683518273
105,mejit,10.2753,170.8646,27.37,83,62,7.6,MH,1683518273
106,colares,38.7992,-9.4469,16.61,79,99,7.02,PT,1683518273
107,saipan,15.1355,145.701,31.39,100,0,6.69,MP,1683518274
108,utrik,11.2278,169.8474,26.97,83,64,8.47,MH,1683518275
109,sao gabriel da cachoeira,-0.1303,-67.0892,23.04,99,53,0.51,BR,1683518275
110,pangai,-19.8,-174.35,28.06,83,40,2.57,TO,1683518275
111,piggs peak,-25.9667,31.25,14.18,98,100,0.63,SZ,1683518276
112,kristiansund,63.1115,7.732,6.36,70,75,0.51,NO,1683518276
113,faya-largeau,17.9257,19.1043,26.34,19,0,9.86,TD,1683518277
114,bilibino,68.0546,166.4372,-1.48,75,36,1.17,RU,1683518277
115,chulakkurgan,43.765,69.1814,20.22,21,4,2.56,KZ,1683518277
116,tiksi,71.6872,128.8694,-10.01,77,72,6.19,RU,1683518278
117,okha,53.5739,142.9478,5.92,71,17,5.2,RU,1683518278
118,grants,35.1473,-107.8514,15.13,14,0,3.6,US,1683518279
119,majuro,7.0897,171.3803,28.98,79,100,3.09,MH,1683518279
120,aksuat,48.7167,83.7,15.27,39,8,2.27,KZ,1683518280
121,port saint john's,-31.6229,29.5448,18.14,94,100,2.28,ZA,1683518280
122,xai-xai,-25.0519,33.6442,21.03,93,28,2.86,MZ,1683518280
123,lamu,-2.2717,40.902,26.12,83,16,4.55,KE,1683518281
124,salvador,13.8333,-88.9167,25.03,75,0,0.45,SV,1683518020
125,tralee,52.2704,-9.7026,13.02,99,100,2.72,IE,1683518283
126,kyzyl,51.7,94.45,18.33,31,81,1.05,RU,1683518283
127,sao caetano de odivelas,-0.75,-48.02,24.2,95,63,2.82,BR,1683518283
128,tolanaro,-25.0319,46.9987,22.04,88,20,3.09,MG,1683518284
129,san patricio,28.017,-97.5169,26.58,80,100,7.32,US,1683518284
130,aydincik,36.1437,33.3202,18.66,71,28,1.16,TR,1683518285
131,juneau,58.3019,-134.4197,11.0,86,100,4.12,US,1683518285
132,manokwari,-0.8667,134.0833,28.73,76,99,3.77,ID,1683518286
133,fort bragg,35.139,-79.006,22.75,73,0,5.14,US,1683518286
134,kuanda,56.3161,116.0806,7.37,35,99,3.67,RU,1683518287
135,gwadar,25.1216,62.3254,29.36,62,0,6.5,PK,1683518287
136,naze,28.3667,129.4833,21.51,71,98,8.43,JP,1683518287
137,rio grande,-32.035,-52.0986,16.58,90,100,6.02,BR,1683518288
138,tyukhtet,56.5389,89.3011,22.34,29,77,3.05,RU,1683518288
139,miranda,3.2499,-76.2281,24.07,77,62,2.31,CO,1683518289
140,cole harbour,44.6724,-63.4751,9.54,83,78,5.14,CA,1683518289
141,stanley,54.868,-1.6985,10.71,89,0,2.06,GB,1683518223
142,singkil,-7.9855,111.4161,30.23,59,85,1.55,ID,1683518290
143,atafu village,-8.5421,-172.5159,29.21,76,7,4.23,TK,1683518290
144,san jose del guaviare,2.5729,-72.6459,23.82,89,87,0.91,CO,1683518291
145,tangalle,6.024,80.7911,29.09,74,100,4.94,LK,1683518291
146,lihue,21.9789,-159.3672,26.58,69,75,7.72,US,1683518292
147,luanda,-8.8368,13.2343,26.0,89,40,1.03,AO,1683518292
148,skarszewy,54.0691,18.4442,5.9,79,12,0.97,PL,1683517892
149,rabo de peixe,37.8,-25.5833,17.73,94,75,5.66,PT,1683518293
150,oak grove,45.4168,-122.6401,14.07,64,94,0.89,US,1683518294
151,prince george,53.9166,-122.753,10.69,91,75,0.89,CA,1683518250
152,tura,25.5198,90.2201,33.15,30,0,2.63,IN,1683518295
153,eatonton,33.3268,-83.3885,20.22,84,68,2.8,US,1683518295
154,longyearbyen,78.2186,15.6401,-2.09,86,75,1.54,SJ,1683518146
155,miri,4.4148,114.0089,31.08,70,40,3.09,MY,1683518296
156,dudinka,69.4058,86.1778,-6.32,80,100,6.73,RU,1683518296
157,myaydo,19.3667,95.2167,38.81,32,5,3.8,MM,1683518297
158,sitka,57.0531,-135.33,8.94,61,75,4.12,US,1683518297
159,remire-montjoly,4.9167,-52.2667,25.02,94,20,0.0,GF,1683518298
160,yushu,44.8,126.5333,20.41,18,87,10.69,CN,1683518298
161,anadarko,35.0726,-98.2437,24.0,54,89,10.74,US,1683518299
162,cabo san lucas,22.8909,-109.9124,27.56,57,96,4.84,MX,1683518158
163,coyhaique,-45.5752,-72.0662,1.97,87,20,1.54,CL,1683518300
164,gao,16.6362,1.637,30.28,25,80,2.41,ML,1683518300
165,brookings,44.3114,-96.7984,14.14,78,0,4.63,US,1683518025
166,kwang binh,17.4833,106.6,29.18,83,100,3.19,VN,1683518301
167,papao,-17.75,-149.55,27.82,76,100,1.35,PF,1683518301
168,loango,-4.6719,11.8312,25.81,89,40,3.09,CG,1683518302
169,bathsheba,13.2167,-59.5167,27.34,83,40,4.63,BB,1683518302
170,carnarvon,-24.8667,113.6333,29.07,35,0,5.6,AU,1683518302
171,dunedin,-45.8742,170.5036,17.82,89,88,1.84,NZ,1683518303
172,bom jesus,-9.0744,-44.3586,22.57,72,62,0.75,BR,1683518303
173,miyako,39.6367,141.9525,4.25,98,100,7.59,JP,1683518304
174,thompson,55.7435,-97.8558,11.09,54,20,1.54,CA,1683518304
175,garachico,28.7781,-17.7646,19.06,73,20,10.8,ES,1683518305
176,gamboru,12.3707,14.2173,28.06,39,70,3.42,NG,1683518306
177,karratha,-20.7377,116.8463,29.94,30,16,10.58,AU,1683518306
178,sentjernej,45.84,15.3361,14.01,97,100,1.78,SI,1683518307
179,malvik,63.4333,10.6833,5.28,60,0,3.6,NO,1683518307
180,nemuro,43.3236,145.575,1.35,98,100,7.82,JP,1683518308
181,bikenibeu village,1.3673,173.1241,30.98,74,40,3.09,KI,1683518308
182,buala,-8.145,159.5921,29.31,74,70,1.3,SB,1683518309
183,vorgashor,67.5833,63.95,-9.48,84,100,9.71,RU,1683518309
184,kalengwa,-13.4659,25.0027,10.72,64,0,2.26,ZM,1683518309
185,pechora,65.1472,57.2244,-5.88,90,100,6.78,RU,1683518310
186,west plains,36.7281,-91.8524,23.46,85,75,2.06,US,1683518078
187,east london,-33.0153,27.9116,18.65,75,100,3.05,ZA,1683518311
188,nova sintra,14.8667,-24.7167,19.87,79,0,7.09,CV,1683518311
189,molochnoye,59.2917,39.6787,2.54,66,14,2.72,RU,1683518311
190,novyy urengoy,66.0833,76.6333,2.41,100,100,9.08,RU,1683518312
191,west island,-12.1568,96.8225,29.99,79,40,3.09,CC,1683518312
192,san pedro,14.35,121.0167,34.62,56,20,3.6,PH,1683518313
193,khorinsk,52.1657,109.7726,16.06,25,32,3.62,RU,1683518313
194,tazacorte,28.629,-17.9293,20.54,83,20,10.8,ES,1683518314
195,udachny,66.4167,112.4,-3.64,38,43,3.48,RU,1683518314
196,arkalyk,50.2486,66.9114,21.18,23,8,4.29,KZ,1683518314
197,rong kwang,18.339,100.3174,39.16,32,52,2.69,TH,1683518315
198,taro,-8.3862,115.28,26.03,62,98,2.17,ID,1683518315
199,bamboo flat,11.7,92.7167,31.48,65,100,0.99,IN,1683518316
200,lillehammer,61.1146,10.4674,-0.38,97,44,0.14,NO,1683518316
201,richards bay,-28.783,32.0377,19.46,91,98,1.8,ZA,1683518316
202,fortuna,40.5982,-124.1573,13.14,64,100,1.79,US,1683518317
203,christchurch,-43.5333,172.6333,21.29,64,31,4.12,NZ,1683518317
204,kidal,18.4411,1.4078,31.66,20,88,0.54,ML,1683518318
205,vorkuta,67.5,64.0,-9.13,84,100,9.4,RU,1683518318
206,turtas,58.9417,69.1325,6.89,38,11,7.08,RU,1683518319
207,iskateley,67.6803,53.1512,-3.36,91,61,2.9,RU,1683518319
208,tsiombe,-25.3,45.4833,20.0,77,1,2.19,MG,1683518319
209,karlskrona,56.1616,15.5866,-1.75,73,26,2.56,SE,1683518320
210,clovis,36.8252,-119.7029,20.94,51,40,4.63,US,1683517896
211,peterhead,57.5058,-1.7981,8.58,99,100,8.35,GB,1683518321
212,ola,59.5833,151.2833,6.19,83,55,3.18,RU,1683518321
213,invercargill,-46.4,168.35,13.88,86,100,0.8,NZ,1683518322
214,taoudenni,22.6783,-3.9836,32.59,10,91,3.74,ML,1683518322
215,qingyuan,23.7,113.0333,23.99,76,100,3.05,CN,1683518323
216,ryotsu-minato,38.0833,138.4333,11.61,81,99,6.24,JP,1683518323
217,rouyn-noranda,48.2398,-79.0288,9.05,43,0,5.66,CA,1683518323
218,jianguang,28.1938,115.7836,21.62,55,54,5.28,CN,1683518324
219,key west,24.5557,-81.7826,28.33,69,75,6.17,US,1683518206
220,imbituba,-28.24,-48.6703,20.99,91,87,4.71,BR,1683518325
221,olyokminsk,60.3736,120.4264,3.25,51,89,3.31,RU,1683518325
222,cape town,-33.9258,18.4232,15.77,90,0,2.06,ZA,1683518109
223,vilyuchinsk,52.9306,158.4028,8.15,75,46,2.89,RU,1683518326
224,maslova pristan',50.4587,36.7408,4.64,62,100,5.93,RU,1683518327
225,ubata,-14.2139,-39.5228,19.93,99,29,0.91,BR,1683518327
226,yuzhno-kurilsk,44.0306,145.8556,1.73,96,100,3.81,RU,1683518327
227,sake,-1.5736,29.045,16.1,95,46,0.33,CD,1683518328
228,tanumah,27.1,44.1333,26.63,21,70,3.35,SA,1683518328
229,lompoc,34.6391,-120.4579,14.32,86,0,6.17,US,1683518329
230,ghat,24.9647,10.1728,23.81,13,83,2.19,LY,1683518329
231,pandan,14.0453,124.1694,30.85,64,4,2.26,PH,1683518264
232,akureyri,65.6835,-18.0878,6.96,81,62,2.57,IS,1683518330
233,birjand,32.8663,59.2211,16.26,14,0,2.06,IR,1683518331
234,gizo,-8.103,156.8419,29.05,75,94,2.07,SB,1683518331
235,linares,-35.85,-71.6,10.03,76,0,2.11,CL,1683518234
236,kamaishi,39.2667,141.8833,5.64,91,100,6.63,JP,1683518332
237,klyuchi,52.2667,79.1667,24.17,23,0,1.33,RU,1683518332
238,ribeira brava,32.65,-17.0667,20.95,73,1,1.66,PT,1683518333
239,atherton,53.5237,-2.4935,12.9,82,100,1.79,GB,1683518333
240,kavaratti,10.5669,72.642,28.78,70,70,4.62,IN,1683518334
241,zambezi,-13.5432,23.1047,12.27,62,0,2.42,ZM,1683518334
242,ancud,-41.8697,-73.8203,6.66,91,9,1.4,CL,1683518334
243,freetown,8.484,-13.2299,25.84,94,75,2.06,SL,1683518335
244,narvik,68.4384,17.4272,5.67,95,100,2.38,NO,1683518335
245,forster,-32.1667,152.5167,17.43,42,17,4.02,AU,1683518336
246,jamestown,42.097,-79.2353,14.8,88,100,2.57,US,1683518336
247,tazovsky,67.4667,78.7,-3.57,93,100,12.92,RU,1683518337
248,inarajan village,13.2736,144.7484,31.54,80,18,5.27,GU,1683518337
249,berezovyy,51.6667,135.7,18.79,22,14,3.02,RU,1683518337
250,bodaybo,57.8506,114.1933,5.18,77,100,2.17,RU,1683518338
251,varallo,45.8139,8.259,15.52,82,97,2.26,IT,1683518338
252,nuku'alofa,-21.1333,-175.2,28.19,78,20,3.6,TO,1683518339
253,chipinge,-20.1883,32.6236,11.73,94,0,1.65,ZW,1683518339
254,bangui,4.3612,18.555,22.1,100,20,0.0,CF,1683518339
255,caibarien,22.5206,-79.4669,25.62,76,5,6.48,CU,1683518340
256,hithadhoo,-0.6,73.0833,28.6,73,72,6.51,MV,1683518340
257,savenay,47.3667,-1.95,11.94,100,0,2.57,FR,1683518341
258,skeldon,5.8833,-57.1333,24.32,95,100,2.93,GY,1683518341
259,st. john's,47.5649,-52.7093,4.26,76,75,9.26,CA,1683518202
260,bonthe,7.5264,-12.505,26.57,83,82,0.61,SL,1683518342
261,shingu,33.7333,135.9833,19.13,50,24,3.77,JP,1683518342
262,laguna,38.421,-121.4238,17.08,57,0,5.14,US,1683518343
263,comrat,46.3003,28.6572,9.41,74,100,3.78,MD,1683518343
264,ganta,7.3022,-8.5308,20.78,91,80,0.43,LR,1683518344
265,sitia,35.2,26.0986,18.32,72,0,8.12,GR,1683518344
266,constantia,44.1833,28.65,10.39,69,80,0.7,RO,1683518345
267,avarua,-21.2078,-159.775,25.03,100,75,1.54,CK,1683518346
268,upata,8.0086,-62.3989,24.55,83,25,3.47,VE,1683518346
269,hope,33.6671,-93.5916,23.03,96,100,3.35,US,1683518347
270,puerto santander,8.3636,-72.4063,28.67,62,100,1.21,CO,1683518348
271,lavrio,37.7145,24.0565,18.88,59,1,2.7,GR,1683518348
272,metlili chaamba,32.2667,3.6333,20.52,37,0,11.83,DZ,1683518349
273,ilha de mocambique,-15.0342,40.7358,23.95,75,0,5.24,MZ,1683518349
274,tchintabaraden,15.8969,5.7985,26.25,13,83,5.15,NE,1683518349
275,alghero,40.5589,8.3181,16.05,94,40,3.09,IT,1683518350
276,shaydon,40.6747,70.346,16.48,46,4,3.45,TJ,1683518350
277,saldanha,-33.0117,17.9442,11.03,89,37,3.69,ZA,1683518351
278,cidreira,-30.1811,-50.2056,19.42,94,100,1.84,BR,1683518351
279,haiku-pauwela,20.9219,-156.3051,25.01,64,40,9.77,US,1683518352
280,bridlington,54.0831,-0.1919,12.3,94,100,0.45,GB,1683518109
281,santiago de cao,-7.9589,-79.2392,23.07,88,91,5.66,PE,1683518353
282,uturoa,-16.7333,-151.4333,27.65,76,94,3.41,PF,1683518353
283,oamaru,-45.0784,170.9801,15.21,86,100,3.1,NZ,1683518354
284,prince rupert,54.3161,-130.3201,9.05,81,0,3.6,CA,1683518354
285,mhlume,-26.0333,31.85,17.91,96,100,2.05,SZ,1683518355
286,katsuura,35.1333,140.3,16.01,90,100,11.11,JP,1683518355
287,korsakov,46.6328,142.7813,12.91,59,100,3.36,RU,1683518355
288,zhatay,62.1594,129.8294,0.03,43,0,6.0,RU,1683518356
289,farsan,32.2569,50.561,8.02,20,19,1.44,IR,1683518356
290,crane,31.3974,-102.3501,26.39,43,5,6.78,US,1683518357
291,paharpur,32.1038,70.9724,25.37,35,0,2.65,PK,1683518357
292,puerto carreno,6.189,-67.4859,28.01,68,98,1.68,CO,1683518358
293,labrador city,52.9463,-66.9114,-2.05,86,100,4.63,CA,1683518358
294,nova vicosa,-17.8919,-39.3719,23.81,86,21,2.78,BR,1683518359
295,mugia,43.1041,-9.2179,15.51,87,100,4.37,ES,1683518360
296,xining,36.6167,101.7667,9.26,68,99,2.99,CN,1683518360
297,lazaro cardenas,17.9583,-102.2,26.56,75,3,1.12,MX,1683518361
298,puerto san jose,13.9256,-90.8244,28.95,76,7,1.18,GT,1683518362
299,mount gambier,-37.8333,140.7667,13.25,75,97,4.67,AU,1683518362
300,port-vila,-17.7338,168.3219,28.78,70,75,3.6,VU,1683518363
301,indiantown,27.0273,-80.4856,23.3,84,0,3.13,US,1683518363
302,birao,10.2849,22.7882,24.24,76,100,1.01,CF,1683518364
303,belyy yar,53.6039,91.3903,19.94,30,0,0.0,RU,1683518364
304,castelli,-25.9468,-60.6195,14.85,97,7,0.92,AR,1683518365
305,chilca,-12.5211,-76.7372,20.81,87,71,3.34,PE,1683518365
306,tarko-sale,64.9225,77.785,2.52,97,100,12.51,RU,1683518365
307,badger,64.8,-147.5333,11.95,35,100,2.57,US,1683518366
308,villa corzo,16.1667,-93.25,25.0,82,4,1.85,MX,1683518366
309,saint-joseph,-21.3667,55.6167,23.59,80,100,4.46,RE,1683518367
310,general conesa,-40.1,-64.4333,12.56,70,84,6.57,AR,1683518367
311,praia da vitoria,38.7333,-27.0667,19.14,94,75,6.88,PT,1683518368
312,mbandaka,0.0487,18.2603,21.7,96,99,0.27,CD,1683518368
313,arraial do cabo,-22.9661,-42.0278,23.68,87,0,6.56,BR,1683518368
314,aioun,16.6614,-9.6149,30.09,13,93,2.95,MR,1683518369
315,bandarbeyla,9.4942,50.8122,28.32,72,100,3.24,SO,1683518369
316,tynda,55.1667,124.7167,4.83,43,84,7.91,RU,1683518370
317,timbuktu,16.7735,-3.0074,31.69,33,100,9.68,ML,1683518370
318,nikel,69.4128,30.222,3.1,92,100,4.09,RU,1683518371
319,neya,58.2972,43.8681,3.29,59,31,3.01,RU,1683518371
320,wellington,-41.2866,174.7756,20.88,73,91,5.66,NZ,1683518108
321,kralendijk,12.15,-68.2667,26.99,78,75,7.72,BQ,1683518372
322,puerto aysen,-45.4,-72.7,3.45,96,63,1.36,CL,1683518373
323,west lafayette,40.4259,-86.9081,20.12,85,75,2.57,US,1683518285
324,isangel,-19.55,169.2667,29.06,79,40,2.57,VU,1683518374
325,mar del plata,-38.0023,-57.5575,14.49,94,100,3.6,AR,1683518233
326,bodo,67.28,14.405,7.75,81,75,6.69,NO,1683518375
327,saraqib,35.8645,36.8059,14.72,78,6,1.69,SY,1683518376
328,filadelfia,39.9523,-75.1638,18.98,76,100,3.6,US,1683518144
329,keflavik,64.0049,-22.5624,10.24,76,75,5.14,IS,1683518376
330,melfort,52.8667,-104.6177,14.07,47,99,3.09,CA,1683518377
331,chibougamau,49.9168,-74.3659,4.79,45,0,4.12,CA,1683518377
332,lincheng,19.9078,109.6858,27.31,84,100,4.24,CN,1683518378
333,nuuk,64.1835,-51.7216,0.49,86,95,2.68,GL,1683518378
334,namdrik,5.5994,168.1028,28.47,78,100,5.89,MH,1683518378
335,newman,37.3138,-121.0208,19.19,76,40,1.34,US,1683518379
336,ouani,-12.1322,44.4258,26.64,76,30,4.85,KM,1683518379
337,bikaner,28.0167,73.3,33.48,7,0,5.81,IN,1683518380
338,ravar,31.2656,56.8055,25.65,10,1,1.65,IR,1683518380
339,coquimbo,-29.9533,-71.3436,12.85,87,0,1.03,CL,1683518325
340,baie-saint-paul,47.4411,-70.4986,14.99,53,100,2.51,CA,1683518381
341,santana,-0.0583,-51.1817,26.1,100,40,2.57,BR,1683518381
342,gaspe,48.8334,-64.4819,7.95,65,75,2.57,CA,1683518342
343,tofol,5.3248,163.0078,26.88,89,100,1.54,FM,1683518382
344,inongo,-1.95,18.2667,21.6,96,99,1.19,CD,1683518382
345,pokhara,28.2333,83.9833,29.67,27,1,2.77,NP,1683518284
346,rio verde de mato grosso,-18.9181,-54.8442,22.87,70,32,1.87,BR,1683518383
347,zaozersk,69.4005,32.4476,1.1,95,100,6.31,RU,1683518384
348,banlung,13.7468,107.0045,35.39,43,98,1.56,KH,1683518384
349,ulsteinvik,62.3432,5.8487,10.73,55,27,3.13,NO,1683518384
350,lao cai,22.4833,103.95,28.44,77,98,2.29,VN,1683518385
351,flying fish cove,-10.4217,105.6791,27.82,83,100,4.12,CX,1683518385
352,nantucket,41.2835,-70.0995,16.19,85,100,8.01,US,1683518386
353,suileng,47.25,127.0833,13.44,40,59,9.28,CN,1683518386
354,pueblo nuevo,23.3833,-105.3833,15.32,38,90,2.3,MX,1683518386
355,noosa heads,-26.3833,153.15,21.17,24,0,5.73,AU,1683518387
356,alvaraes,-3.2208,-64.8042,23.32,96,58,0.87,BR,1683518387
357,chahal guatemala,15.75,-89.5667,21.61,93,1,1.51,GT,1683518388
358,ust'-ilimsk,58.0006,102.6619,15.73,50,67,3.52,RU,1683518388
359,la passe,45.5549,-0.8967,14.43,91,45,2.24,FR,1683518389
360,kodiak,57.79,-152.4072,5.73,75,100,2.06,US,1683518389
361,san antonio de pale,-1.4014,5.6325,27.92,80,100,3.56,GQ,1683518390
362,bayanhongor,46.7167,100.1167,4.01,62,100,4.05,MN,1683518390
363,hotan,37.0997,79.9269,16.03,16,92,3.93,CN,1683518391
364,constitucion,-35.3333,-72.4167,12.53,77,0,3.03,CL,1683518391
365,kourou,5.1552,-52.6478,25.03,94,100,3.22,GF,1683518391
366,alofi,-19.0595,-169.9187,26.94,78,40,2.06,NU,1683518392
367,xinyuan,37.3,99.0,2.55,90,100,1.62,CN,1683518392
368,antonio enes,-16.2325,39.9086,21.65,81,7,2.9,MZ,1683518393
369,kharp,66.8014,65.8081,-4.66,91,100,6.12,RU,1683518393
370,scheessel,53.1667,9.4833,7.79,84,93,4.98,DE,1683518393
371,dalandzadgad,43.5708,104.425,15.13,17,100,4.4,MN,1683518394
372,maryborough,-25.5333,152.7,23.26,14,0,3.94,AU,1683518394
373,cockburn town,21.4612,-71.1419,26.01,75,75,8.03,TC,1683518395
374,novaya igirma,57.1334,103.9112,15.31,47,64,3.64,RU,1683518395
375,tizimin,21.15,-88.15,25.82,80,81,4.1,MX,1683518396
376,bordighera,43.7806,7.6645,16.98,78,56,0.89,IT,1683518396
377,jasrana,27.25,78.6833,35.37,20,9,3.2,IN,1683518396
378,adrar,20.5022,-10.0711,25.4,18,95,5.46,MR,1683518397
379,abbeville,50.1,1.8333,11.81,94,78,1.78,FR,1683518397
380,tieli,46.95,128.05,12.68,55,97,10.3,CN,1683518398
381,laitila,60.8758,21.6977,4.35,75,44,3.08,FI,1683518398
382,touros,-5.1989,-35.4608,24.81,88,8,4.49,BR,1683518398
383,guilin,25.2819,110.2864,21.06,79,100,3.77,CN,1683518399
384,kone,-21.0595,164.8658,25.79,67,100,3.03,NC,1683518399
385,busselton,-33.65,115.3333,21.18,43,96,6.75,AU,1683518400
386,mascote,-15.5631,-39.3025,20.6,99,27,1.39,BR,1683518400
387,nar'yan-mar,67.6713,53.087,-3.02,91,65,2.81,RU,1683518402
388,praia,14.9215,-23.5087,22.3,73,20,7.2,CV,1683518403
389,ankang,32.68,109.0172,17.39,64,100,2.36,CN,1683518404
390,dzuunmod,48.2199,97.3744,7.66,32,46,2.92,MN,1683518405
391,veydelevka,50.1521,38.4492,4.67,63,100,6.17,RU,1683518406
392,uray,60.1247,64.7758,2.34,52,74,9.79,RU,1683518407
393,kasungu,-13.0333,33.4833,12.44,89,0,1.42,MW,1683518408
394,kirensk,57.7853,108.1119,8.87,75,100,4.15,RU,1683518409
395,pitimbu,-7.4706,-34.8086,24.33,94,16,2.46,BR,1683518410
396,ullal,12.8,74.85,30.53,66,40,4.12,IN,1683518410
397,tasgaon,17.0333,74.6,29.82,49,64,1.68,IN,1683518411
398,karditsa,39.3656,21.9217,14.0,78,9,0.3,GR,1683518411
399,sabha,27.0377,14.4283,22.29,18,100,3.58,LY,1683518412
400,kununurra,-15.7667,128.7333,27.99,30,5,6.69,AU,1683518412
401,leava,-14.3,-178.1667,28.63,74,5,2.71,WF,1683518413
402,buka,40.8108,69.1986,20.4,41,1,2.52,UZ,1683518414
403,ghanzi,-21.5667,21.7833,17.35,53,33,3.78,BW,1683518415
404,krutinka,56.0055,71.5113,11.47,40,59,6.97,RU,1683518415
405,sola,-13.8833,167.55,29.37,79,75,0.0,VU,1683518416
406,lautoka,-17.6167,177.4667,29.92,74,40,5.14,FJ,1683518417
407,abha,18.2164,42.5053,15.9,59,40,0.0,SA,1683518417
408,sao jose da coroa grande,-8.8978,-35.1478,22.25,91,10,1.57,BR,1683518418
409,la romana,18.4273,-68.9728,24.2,88,20,0.0,DO,1683518418
410,shambu,9.5667,37.1,12.13,83,95,1.82,ET,1683518419
411,villa zaragoza,22.0333,-100.7333,16.26,72,64,3.4,MX,1683518419
412,quirinopolis,-18.4483,-50.4517,20.93,66,81,0.56,BR,1683518420
413,port sudan,19.6175,37.2164,27.6,26,7,1.75,SD,1683518421
414,shepetivka,50.1855,27.0637,3.35,97,100,4.92,UA,1683518421
415,villa gesell,-37.2639,-56.973,13.36,87,100,7.96,AR,1683518144
416,huelma,37.6713,-3.39,10.44,63,31,0.79,ES,1683518423
417,mckinleyville,40.9465,-124.1006,13.06,70,96,4.95,US,1683518424
418,san juan,-31.5375,-68.5364,17.08,36,9,6.99,AR,1683518337
419,berbera,10.4396,45.0143,29.87,74,100,1.66,SO,1683518426
420,kapa'a,22.0752,-159.319,26.99,72,31,1.79,US,1683518427
421,gusinoozyorsk,51.2833,106.5,19.01,29,17,2.01,RU,1683518428
422,port macquarie,-31.4333,152.9167,20.5,22,3,3.93,AU,1683518429
423,ahar,38.4774,47.0699,17.21,36,0,4.19,IR,1683518430
424,miles city,46.4083,-105.8406,10.73,81,82,3.43,US,1683518430
425,santona,43.4439,-3.4576,13.37,86,90,1.64,ES,1683518431
426,happy valley-goose bay,53.3168,-60.3315,0.17,93,100,2.06,CA,1683518406
427,kolonia town,6.964,158.206,26.29,88,100,4.55,FM,1683518433
428,altai,46.3722,96.2583,4.21,20,0,7.5,MN,1683518434
429,tarrafal de sao nicolau,16.5667,-24.3667,22.2,82,9,9.76,CV,1683518434
430,paris,48.8534,2.3488,13.32,97,100,4.12,FR,1683518180
431,antsiranana,-12.2787,49.2917,24.42,69,20,4.12,MG,1683518435
432,craig,40.5153,-107.5464,6.79,79,33,1.4,US,1683518436
433,owase,34.0667,136.2,13.12,94,100,5.74,JP,1683518436
434,pangoa,-12.1167,-73.0,18.14,99,97,0.95,PE,1683518437
435,sant'agata di militello,38.0679,14.6327,18.03,78,100,0.78,IT,1683518437
436,roma,43.2128,-75.4557,12.08,95,100,1.54,US,1683518438
437,yeniseysk,58.4497,92.1703,20.15,41,53,3.88,RU,1683518438
438,daru,-9.0763,143.2092,29.09,78,53,4.49,PG,1683518439
439,altamont,42.2068,-121.7372,6.55,77,66,3.13,US,1683518439
440,st. paul,44.9444,-93.0933,18.29,80,0,2.06,US,1683518281
441,talara,-4.5772,-81.2719,24.37,88,44,5.72,PE,1683518440
442,pianco,-7.1981,-37.9292,21.62,59,58,1.9,BR,1683518441
443,guatrache,-37.6678,-63.5302,10.39,86,6,5.07,AR,1683518441
444,kuusamo,65.9667,29.1833,0.02,80,0,1.03,FI,1683518442
445,namibe,-15.1961,12.1522,23.71,72,7,4.21,AO,1683518442
446,coahuayana de hidalgo,18.7,-103.6583,23.94,87,18,1.37,MX,1683518442
447,diego de almagro,-26.3667,-70.05,13.22,40,0,0.66,CL,1683518443
448,taunggyi,20.7833,97.0333,33.28,27,20,1.56,MM,1683518443
449,serhiyivka,46.0272,30.3768,10.73,64,100,4.52,UA,1683518444
450,cururupu,-1.8283,-44.8683,23.91,96,16,1.16,BR,1683518444
451,kalmunai,7.4167,81.8167,27.37,75,100,1.69,LK,1683518445
452,chamrajnagar,11.9167,76.95,24.38,74,100,1.05,IN,1683518445
453,cabedelo,-6.9811,-34.8339,24.37,91,42,2.7,BR,1683518446
454,portland,45.5234,-122.6762,14.34,64,92,1.79,US,1683518350
455,digne-les-bains,44.0833,6.25,10.01,93,22,2.55,FR,1683518447
456,castillos,-34.1667,-53.8333,11.91,93,45,3.46,UY,1683518447
457,arica,-18.475,-70.3042,18.13,72,0,4.12,CL,1683518373
458,turpan,42.9333,89.1667,21.09,16,72,2.88,CN,1683518448
459,guerrero negro,27.9769,-114.0611,15.32,82,0,7.88,MX,1683518243
460,hameenlinna,60.996,24.4643,3.97,65,48,2.88,FI,1683518449
461,lobujya,27.95,86.8167,-4.97,63,0,3.35,NP,1683518449
462,port blair,11.6667,92.75,32.13,63,100,1.51,IN,1683518447
463,kathmandu,27.7167,85.3167,24.35,49,20,1.03,NP,1683518113
464,sakete,6.7362,2.6587,24.29,89,23,1.89,BJ,1683518450
465,kapuskasing,49.4169,-82.4331,9.05,46,20,3.6,CA,1683518451
466,omutinskiy,56.4745,67.6709,8.12,33,64,6.68,RU,1683518451
467,sesheke,-17.4759,24.2968,14.27,57,0,2.77,ZM,1683518452
468,anjiang,27.3194,110.1031,18.0,75,100,2.6,CN,1683518452
469,sampit,-2.5333,112.95,28.08,87,100,1.05,ID,1683518453
470,undurkhaan,47.3194,110.6556,17.01,26,83,0.87,MN,1683518453
471,island harbour,50.724,-1.2758,11.37,95,100,0.45,GB,1683518453
472,tataouine,32.9297,10.4518,26.42,29,100,3.08,TN,1683518454
473,mikuni,36.2171,136.1519,15.95,74,89,12.53,JP,1683518454
474,pyt-yakh,60.7499,72.8582,7.77,41,94,8.07,RU,1683518455
475,vila velha,-20.3297,-40.2925,21.97,96,75,1.03,BR,1683518435
476,gantang,26.92,119.6333,20.01,92,100,1.34,CN,1683518456
477,san agustin acasaguastlan,14.95,-89.9667,24.33,81,9,1.75,GT,1683518456
478,zhob,31.3411,69.4481,20.05,17,0,2.05,PK,1683518456
479,carutapera,-1.195,-46.02,27.82,79,30,6.63,BR,1683518457
480,kittila,67.6647,24.8936,4.08,56,0,1.03,FI,1683518457
481,besiri,37.9184,41.2924,9.75,87,0,2.57,TR,1683518458
482,gebeit,21.0667,36.3167,21.3,41,1,1.75,SD,1683518458
483,la ronge,55.1001,-105.2842,8.14,49,20,2.57,CA,1683518459
484,mandalgovi,45.7625,106.2708,15.71,17,100,2.87,MN,1683518459
485,mao,39.8885,4.2658,16.31,94,0,2.06,ES,1683518460
486,kulhudhuffushi,6.6221,73.07,29.05,74,59,5.59,MV,1683518460
487,tadine,-21.55,167.8833,25.29,73,60,3.66,NC,1683518460
488,new norfolk,-42.7826,147.0587,14.72,92,100,1.6,AU,1683518461
489,veshenskaya,49.6303,41.7334,6.44,59,100,7.48,RU,1683518461
490,bela,25.9333,81.9833,37.1,18,2,3.03,IN,1683518462
491,nagqu,31.5,92.0,7.56,16,27,9.1,CN,1683518462
492,kpandu,6.9954,0.2931,24.71,81,82,2.16,GH,1683518463
493,sarkand,45.41,79.9186,17.14,27,84,2.39,KZ,1683518463
494,ha dong,20.9725,105.7772,23.01,85,100,4.29,VN,1683518464
495,yaren,-0.5472,166.916,29.14,73,9,2.97,NR,1683518464
496,andorra,42.5,1.5,9.32,86,18,3.52,AD,1683518465
497,lukow,51.929,22.3796,1.07,90,1,2.64,PL,1683518344
498,muroto-misakicho,33.2833,134.15,18.26,56,86,4.84,JP,1683518466
499,itoman,26.1247,127.6694,23.43,75,75,8.23,JP,1683518466
500,usinsk,65.9939,57.5281,-6.28,77,100,9.48,RU,1683518467
501,utete,-7.986,38.758,21.02,94,1,1.19,TZ,1683518467
502,estes park,40.3772,-105.5217,8.92,87,9,2.9,US,1683518405
503,rundu,-17.9333,19.7667,15.08,60,5,2.43,NA,1683518468
504,la'ie,21.6477,-157.9253,25.06,70,100,2.68,US,1683518469
505,port augusta,-32.5,137.7667,16.06,41,30,6.58,AU,1683518469
506,pionerskiy,54.9508,20.2275,6.53,62,17,3.79,RU,1683518469
507,kristianstad,56.0313,14.1524,4.08,100,100,1.54,SE,1683518470
508,trondheim,63.4305,10.3951,7.05,58,21,1.71,NO,1683518471
509,el calafate,-50.3408,-72.2768,5.18,74,73,1.98,AR,1683518471
510,santa cruz,-17.8,-63.1667,18.7,94,75,5.14,BO,1683518371
511,horsham,51.064,-0.3272,11.46,83,0,0.51,GB,1683518472
512,fort st. john,56.2499,-120.8529,9.94,71,100,4.12,CA,1683518473
513,hasaki,35.7333,140.8333,12.94,85,100,12.9,JP,1683518258
514,latiano,40.5529,17.7205,16.57,85,42,3.6,IT,1683518474
515,usogorsk,63.4106,48.6872,-0.67,64,21,3.77,RU,1683518474
516,auki,-8.7676,160.7034,28.72,79,93,1.15,SB,1683518475
517,germencik,37.8706,27.6028,13.38,84,1,1.83,TR,1683518475
518,mamuju,-2.6748,118.8885,29.63,70,95,1.14,ID,1683518476
519,meadow lake,34.8014,-106.5436,20.3,17,23,0.88,US,1683518476
520,poso,-1.3959,120.7524,31.02,62,82,1.36,ID,1683518477
521,port isabel,26.0734,-97.2086,27.05,91,100,3.6,US,1683518477
522,callao,-12.0667,-77.15,22.62,78,0,6.17,PE,1683518478
523,caraubas,-5.7925,-37.5567,23.76,76,45,3.01,BR,1683518478
524,al bawiti,28.3492,28.8659,16.72,63,0,2.22,EG,1683518479
525,alesund,62.4723,6.1549,10.74,67,0,5.14,NO,1683518479
526,inhambane,-23.865,35.3833,20.65,84,27,1.81,MZ,1683518480
527,chelsea,51.4875,-0.1694,12.21,94,100,0.51,GB,1683518480
528,dryden,49.7833,-92.7503,8.16,93,100,5.66,CA,1683518481
529,vila franca do campo,37.7167,-25.4333,18.23,94,95,5.31,PT,1683518481
530,cannonvale,-20.2833,148.7,20.66,55,0,8.59,AU,1683518482
531,bel ombre,-4.6167,55.4167,27.91,83,40,2.06,SC,1683518482
532,klaksvik,62.2266,-6.589,8.51,99,100,8.84,FO,1683518483
533,floro,61.5996,5.0328,11.04,54,100,6.17,NO,1683518483
534,juruti,-2.1522,-56.0922,24.17,92,91,1.4,BR,1683518484
535,lumajang,-8.1335,113.2248,30.48,61,99,2.11,ID,1683518484
536,saint-philippe,-21.3585,55.7679,23.77,83,100,5.12,RE,1683518485
537,ebon,4.582,168.6964,28.59,77,97,5.33,MH,1683518485
538,curuca,-0.7289,-47.8481,24.01,95,64,2.11,BR,1683518486
539,olinda,-8.0089,-34.8553,26.85,69,20,3.6,BR,1683518486
540,sodra sandby,56.5667,16.6167,0.5,91,36,0.23,SE,1683518487
541,kerikeri,-35.2268,173.9474,19.95,92,100,1.34,NZ,1683518487
542,khvoynaya,58.9,34.5333,2.95,59,58,2.18,RU,1683518488
543,karaikkudi,10.0667,78.7833,29.5,61,94,4.4,IN,1683518488
544,queenstown,-31.8976,26.8753,11.44,89,97,0.61,ZA,1683518488
545,chaman,30.9236,66.4512,19.9,14,0,2.5,PK,1683518489
546,as sulayyil,20.4607,45.5779,26.14,13,34,1.89,SA,1683518489
547,hobyo,5.3505,48.5268,27.68,73,67,7.09,SO,1683518490
548,fort mcmurray,56.7268,-111.381,15.77,38,100,3.09,CA,1683518401
549,khandyga,62.6667,135.6,2.65,57,100,3.48,RU,1683518491
550,tvoroyri,61.5556,-6.8111,8.06,98,100,10.64,FO,1683518491
551,leninskiy,54.2781,37.4558,3.26,53,2,2.61,RU,1683518492
552,bodden town,19.2833,-81.25,28.0,88,20,4.12,KY,1683518492
553,arteche,12.2645,125.4048,30.76,61,11,3.23,PH,1683518493
554,necochea,-38.5473,-58.7368,13.97,88,100,7.74,AR,1683518493
555,dwarka,22.2394,68.9678,28.57,67,6,5.27,IN,1683518494
556,kiffa,16.6166,-11.4045,30.79,13,99,3.97,MR,1683518494
557,la foa,-21.7108,165.8276,25.31,65,78,3.09,NC,1683518495
558,novoishimskiy,53.1981,66.7694,12.34,40,58,4.59,KZ,1683518495
559,dighwara,25.7333,85.0,35.04,28,0,3.09,IN,1683518496
560,soio,-6.1349,12.3689,26.52,91,93,3.52,AO,1683518496
561,greymouth,-42.4667,171.2,16.65,91,94,1.52,NZ,1683518496
562,mormugao,15.4,73.8,27.92,71,77,1.41,IN,1683518440
563,ghatanji,20.1333,78.3167,35.53,32,5,3.2,IN,1683518497
564,tchaourou,8.8865,2.5975,22.73,94,64,1.68,BJ,1683518498
565,vuktyl,63.8567,57.3094,-5.39,88,100,6.87,RU,1683518498
566,pestovo,58.5938,35.8024,3.14,64,21,2.2,RU,1683518498
567,marka,1.7159,44.7717,27.12,82,29,6.75,SO,1683518499
568,northam,51.0333,-4.2167,12.01,95,100,7.08,GB,1683518499
569,tangier,35.7806,-5.8137,18.64,77,0,1.54,MA,1683518499
570,dourados,-22.2211,-54.8056,21.23,84,93,1.48,BR,1683518500
571,yazihan,38.5947,38.18,9.15,100,75,1.54,TR,1683518501
572,revelstoke,50.9832,-118.2023,15.01,55,100,4.12,CA,1683518501
573,ardabil,38.2498,48.2933,12.75,58,40,2.06,IR,1683518502
574,horta,38.5333,-28.6333,16.68,97,100,4.92,PT,1683518502
575,moyale,3.5167,39.0584,19.52,89,20,1.36,KE,1683518503
576,khadan khak,30.7477,67.7085,15.7,17,0,5.85,PK,1683518503
577,yesilyurt,38.2972,38.2497,7.97,72,52,0.77,TR,1683518504
578,osa,57.2829,55.4567,2.45,55,9,5.13,RU,1683518504
579,lagunas,-5.2269,-75.6753,22.89,97,45,0.82,PE,1683518504
